Id,Name,DateOfBirth,IsActive
1,Lucas Taylor,1982-03-16,true
2,Ava Wilson,2002-09-03,true
3,Emma Doe,1986-07-17,true
4,Charlotte Johnson,1997-12-23,false
5,William Davis,1971-01-27,false
6,Noah Johnson,1997-05-01,true
7,Emma Smith,1993-08-18,true
8,Amelia Smith,1970-11-20,false
9,Sophia Thomas,1974-11-11,false
10,Liam Miller,1988-02-07,true
11,Amelia Thomas,1976-11-07,false
12,Benjamin Miller,2002-09-01,true
13,Ava Davis,1982-09-05,false
14,Benjamin Anderson,1974-03-21,false
15,Charlotte Smith,1974-06-11,false
16,Sophia Brown,1972-05-24,false
17,Lucas Davis,1998-10-07,true
18,Lucas Wilson,1976-11-14,false
19,Charlotte Brown,1994-08-24,true
20,James Davis,1996-10-21,false
21,Noah Anderson,1992-06-02,false
22,Charlotte Thomas,2002-08-11,false
23,Amelia Brown,1989-05-15,true
24,John Miller,1997-04-26,true
25,Daniel Doe,1981-08-25,true
26,William Johnson,1983-12-02,true
27,Noah Anderson,1989-08-07,false
28,John Smith,1973-06-16,true
29,Emily Johnson,1999-04-24,true
30,Benjamin Miller,1989-08-22,true
31,Noah Johnson,1972-04-26,false
32,Isabella Davis,2004-12-01,false
33,John Davis,1995-02-25,true
34,Daniel Taylor,1992-11-12,true
35,Michael Wilson,1987-07-31,true
36,Ava Thomas,1976-09-21,true
37,Olivia Wilson,1970-11-03,false
38,Matthew Brown,1987-11-11,true
39,Michael Wilson,1987-01-21,true
40,John Smith,1973-04-21,true
41,Benjamin Miller,1989-03-10,true
42,Jane Smith,2003-10-03,true
43,John Thomas,1994-05-14,false
44,John Thomas,2004-10-19,false
45,James Miller,1997-01-23,true
46,Emily Davis,1991-09-07,false
47,James Brown,1970-07-31,true
48,Benjamin Doe,1994-02-17,true
49,Matthew Wilson,1975-09-28,false
50,Charlotte Brown,1979-02-08,true
51,Benjamin Miller,2004-01-07,true
52,John Taylor,1985-11-03,false
53,Matthew Johnson,1976-08-01,false
54,Amelia Miller,1983-10-09,true
55,Daniel Taylor,1987-12-26,false
56,Liam Taylor,1996-01-01,true
57,Olivia Anderson,2002-10-21,false
58,Amelia Wilson,1978-05-15,false
59,Charlotte Miller,2000-04-01,true
60,Lucas Brown,1974-11-27,true
61,Amelia Thomas,1977-04-23,true
62,Isabella Davis,1976-10-12,false
63,Amelia Thomas,1988-04-06,false
64,Daniel Wilson,2000-08-24,false
65,Emma Brown,1997-02-18,true
66,Mia Smith,1993-09-24,false
67,Sophia Miller,1990-09-06,false
68,Emily Johnson,1989-02-20,true
69,James Thomas,1987-01-14,false
70,Matthew Thomas,1994-06-20,true
71,Jane Doe,1977-08-28,true
72,Amelia Taylor,2001-01-01,false
73,Mia Doe,1975-01-18,true
74,Benjamin Miller,1987-07-19,false
75,James Johnson,2004-10-02,false
76,Sophia Wilson,1997-04-28,false
77,Emma Davis,1976-04-12,true
78,Benjamin Smith,1982-08-12,true
79,Ava Thomas,1986-07-17,false
80,Ava Johnson,2000-09-27,true
81,Charlotte Taylor,1978-12-29,false
82,James Brown,2001-10-05,true
83,Michael Taylor,1991-01-14,true
84,John Wilson,1984-08-06,false
85,John Johnson,1984-06-01,false
86,Emily Brown,1973-12-15,false
87,James Davis,1993-04-01,false
88,Liam Miller,1972-12-09,false
89,Olivia Davis,1983-11-29,true
90,Lucas Wilson,2001-11-10,true
91,Michael Doe,1971-05-13,true
92,Mia Johnson,1997-05-24,false
93,Jane Doe,1976-07-02,true
94,Noah Anderson,1997-01-02,false
95,Matthew Smith,1977-04-20,true
96,Sophia Davis,1999-04-23,false
97,Noah Johnson,1971-12-31,false
98,Michael Taylor,1999-08-11,true
99,Daniel Miller,1997-05-25,false
100,William Thomas,1973-11-18,false
101,Emma Taylor,1973-01-15,false
102,Lucas Smith,1972-06-29,true
103,Ava Johnson,1989-07-27,true
104,William Miller,1974-01-31,true
105,Liam Miller,1995-01-15,true
106,Daniel Davis,1971-09-30,true
107,Liam Taylor,1976-11-22,true
108,Sophia Wilson,1986-06-01,true
109,James Davis,2000-07-19,false
110,Jane Taylor,1987-05-23,true
111,Mia Brown,1989-08-03,true
112,Mia Davis,1978-09-17,true
113,Noah Wilson,1977-05-05,false
114,Amelia Thomas,1981-01-12,true
115,Matthew Thomas,1981-01-11,false
116,John Smith,1976-05-10,false
117,Emma Doe,1974-09-03,true
118,Amelia Smith,1994-12-04,true
119,Olivia Thomas,2002-02-20,false
120,Olivia Wilson,1989-09-18,true
121,Emily Taylor,1970-10-05,false
122,James Doe,1993-01-09,false
123,Jane Wilson,1976-10-10,false
124,Charlotte Wilson,1994-05-26,true
125,Isabella Thomas,1975-11-03,false
126,Charlotte Davis,1980-12-30,false
127,John Brown,1997-05-06,true
128,William Brown,1970-07-20,true
129,Michael Brown,2001-05-10,false
130,William Anderson,1990-08-26,false
131,Emma Davis,1975-10-04,false
132,James Anderson,1973-01-29,false
133,Amelia Doe,1994-11-13,false
134,William Miller,1974-06-19,true
135,Liam Taylor,1986-11-09,true
136,Michael Johnson,1976-09-12,false
137,Isabella Thomas,2003-03-21,true
138,Lucas Miller,2002-11-23,true
139,James Wilson,2000-02-10,false
140,Lucas Brown,1975-07-24,false
141,Mia Wilson,2001-02-15,false
142,Amelia Taylor,2003-01-16,false
143,Michael Davis,1976-08-06,false
144,Liam Davis,1974-07-18,false
145,Lucas Miller,1987-07-13,false
146,Daniel Johnson,2003-05-04,true
147,Charlotte Taylor,1990-06-03,false
148,Amelia Johnson,1976-12-16,true
149,William Taylor,1995-07-23,false
150,Mia Smith,1983-11-18,false
151,Ava Anderson,1992-10-31,false
152,Michael Anderson,1987-09-19,true
153,Emma Taylor,1990-06-09,false
154,Michael Wilson,1993-10-29,true
155,Liam Taylor,1978-07-09,false
156,Matthew Miller,1979-04-04,true
157,John Brown,1971-04-27,true
158,Daniel Doe,1982-01-12,false
159,Charlotte Davis,2000-10-22,false
160,Emily Smith,2003-01-21,false
161,Lucas Miller,2002-04-13,false
162,John Johnson,1983-11-08,false
163,John Doe,1987-11-25,false
164,Ava Miller,1997-03-30,false
165,Michael Doe,2004-08-16,false
166,Olivia Davis,1995-07-04,false
167,Charlotte Smith,1988-06-25,true
168,Benjamin Smith,1995-08-22,true
169,Emma Davis,1993-10-24,false
170,Liam Wilson,1995-06-13,false
171,Charlotte Smith,1992-07-03,true
172,Emily Anderson,1971-03-22,false
173,Ava Doe,1990-11-02,false
174,Daniel Smith,1987-01-26,true
175,Matthew Davis,1983-07-31,false
176,Michael Anderson,1986-09-20,false
177,Ava Wilson,1999-07-20,false
178,William Miller,1992-11-30,true
179,Emily Brown,1988-05-24,false
180,Daniel Doe,1990-08-07,true
181,Mia Thomas,1998-05-11,false
182,Daniel Smith,1984-11-03,false
183,Benjamin Smith,1987-09-27,false
184,Lucas Anderson,2004-07-17,true
185,Mia Doe,1975-03-25,true
186,Benjamin Davis,1975-01-05,true
187,Lucas Wilson,1977-03-14,false
188,John Johnson,1971-06-27,false
189,John Davis,1986-10-11,false
190,Daniel Taylor,1989-10-29,false
191,Emma Thomas,1988-04-11,false
192,Isabella Brown,2001-10-31,true
193,Amelia Thomas,1989-06-22,false
194,Jane Taylor,1984-07-30,false
195,Mia Smith,1985-02-05,false
196,Noah Davis,1975-07-16,true
197,Mia Doe,1988-03-16,false
198,Lucas Miller,1991-04-14,true
199,Olivia Doe,1996-06-08,true
200,Noah Doe,1985-04-10,false
201,Isabella Smith,1994-08-13,true
202,Jane Doe,1970-10-26,true
203,Amelia Johnson,2003-06-05,false
204,Benjamin Brown,1989-11-27,false
205,Amelia Doe,1996-09-25,false
206,Lucas Doe,2001-08-01,false
207,William Brown,1983-09-15,false
208,Olivia Brown,1972-06-19,false
209,Amelia Wilson,1980-09-12,true
210,Daniel Anderson,2004-12-01,false
211,Charlotte Johnson,1991-07-20,true
212,Benjamin Brown,1982-09-20,false
213,Liam Thomas,1990-02-06,true
214,John Johnson,1974-04-23,true
215,Lucas Wilson,1998-09-09,true
216,Charlotte Anderson,2001-07-11,false
217,Jane Wilson,2001-03-04,false
218,Emma Smith,1990-11-18,false
219,Isabella Thomas,2003-02-17,true
220,Lucas Doe,1981-05-13,false
221,Daniel Anderson,1998-09-29,true
222,Ava Taylor,2001-11-21,false
223,James Doe,1980-03-07,true
224,Liam Doe,1974-05-10,true
225,Olivia Davis,1983-01-22,false
226,Isabella Smith,2004-10-07,true
227,Daniel Doe,1972-01-06,true
228,Daniel Taylor,1999-02-09,false
229,Charlotte Johnson,1988-09-25,true
230,Emily Taylor,2000-03-08,true
231,Isabella Brown,1988-02-13,true
232,Emily Smith,1990-05-24,true
233,Daniel Miller,1974-04-15,true
234,Charlotte Anderson,1971-12-19,true
235,John Wilson,1975-07-04,false
236,Charlotte Brown,1987-06-27,false
237,Matthew Davis,2002-04-23,true
238,Isabella Taylor,1987-04-13,false
239,Liam Taylor,1984-02-28,true
240,Emily Johnson,1981-06-04,true
241,Sophia Anderson,1970-05-05,false
242,Lucas Smith,1984-02-22,true
243,Benjamin Thomas,2003-04-25,false
244,Michael Miller,2002-01-08,false
245,Sophia Davis,1996-04-21,false
246,Amelia Brown,1970-12-29,false
247,Matthew Smith,1984-06-29,false
248,Sophia Doe,1970-11-07,false
249,Sophia Wilson,1988-11-19,true
250,Olivia Smith,1997-06-29,false
251,Noah Doe,1998-10-31,true
252,Mia Anderson,2001-08-18,false
253,Lucas Smith,1987-09-05,true
254,Liam Brown,1982-07-25,false
255,Noah Thomas,1981-02-12,true
256,Emily Smith,2002-10-02,false
257,Olivia Thomas,1984-06-19,true
258,Liam Wilson,1970-12-31,true
259,John Wilson,1978-10-12,false
260,Matthew Davis,1971-02-13,false
261,Matthew Miller,2003-04-18,false
262,Ava Anderson,1972-02-15,false
263,Noah Brown,1986-04-27,true
264,William Wilson,1994-08-01,true
265,Daniel Smith,1978-06-13,true
266,Isabella Miller,1996-08-03,true
267,Charlotte Johnson,1995-07-08,false
268,Daniel Davis,1997-05-08,true
269,Charlotte Taylor,1970-10-03,false
270,Michael Doe,1994-09-06,true
271,Daniel Smith,1983-10-04,true
272,Michael Wilson,2001-11-28,false
273,Emma Miller,1982-05-24,false
274,Sophia Davis,2000-06-14,true
275,Sophia Wilson,1985-07-08,false
276,Isabella Doe,2003-12-03,false
277,Daniel Davis,1983-12-02,false
278,Emily Thomas,1977-12-25,false
279,Liam Anderson,1976-07-14,true
280,John Doe,1979-07-24,false
281,Olivia Wilson,1972-04-15,false
282,Lucas Taylor,1987-09-26,false
283,Emily Brown,1984-04-20,false
284,Benjamin Brown,2003-12-25,false
285,Benjamin Davis,2004-07-15,true
286,Sophia Doe,2001-10-02,false
287,John Smith,1978-04-30,true
288,Isabella Wilson,1998-06-26,true
289,Emily Brown,1980-10-12,false
290,Matthew Johnson,2001-07-28,true
291,John Anderson,1994-10-19,true
292,Lucas Johnson,1980-10-20,true
293,Emily Anderson,2003-12-21,true
294,Lucas Miller,1978-06-07,true
295,Sophia Johnson,2004-06-21,false
296,James Taylor,1977-08-11,true
297,William Wilson,1988-10-22,false
298,Noah Wilson,1971-05-28,false
299,Benjamin Doe,1977-10-12,false
300,Charlotte Wilson,1994-11-03,false
301,Emily Johnson,1974-10-06,true
302,William Taylor,1992-05-24,true
303,James Doe,1978-09-04,true
304,Jane Anderson,1976-01-16,true
305,Liam Wilson,1995-07-13,true
306,Benjamin Johnson,1976-01-29,false
307,Matthew Thomas,1995-06-29,false
308,Ava Anderson,1993-04-08,false
309,Benjamin Doe,1975-03-02,true
310,Emily Miller,2000-11-10,false
311,James Miller,1970-05-03,false
312,William Brown,1983-02-03,true
313,Amelia Johnson,1986-06-07,true
314,John Davis,1997-01-01,false
315,Liam Wilson,1975-03-12,true
316,Mia Thomas,1986-12-25,false
317,Michael Thomas,1980-04-11,false
318,Michael Miller,1972-08-31,true
319,Sophia Brown,1997-09-27,false
320,Noah Brown,1982-01-27,false
321,Matthew Anderson,1990-11-14,true
322,Noah Johnson,1996-09-02,false
323,Liam Brown,1980-10-25,false
324,Matthew Thomas,1986-12-04,false
325,Liam Doe,2004-04-06,false
326,Isabella Taylor,1977-07-30,true
327,James Taylor,2002-07-06,false
328,William Anderson,1970-01-30,true
329,Emma Davis,1981-09-08,true
330,Emma Johnson,2002-07-24,false
331,Amelia Brown,1970-12-28,false
332,Charlotte Johnson,2001-08-22,false
333,James Doe,1981-01-15,true
334,Liam Doe,1999-04-21,true
335,Daniel Johnson,1988-07-21,false
336,Noah Anderson,1999-05-30,false
337,Emma Thomas,1997-02-20,true
338,Liam Brown,1993-10-25,true
339,Matthew Anderson,2001-06-06,false
340,William Brown,1995-06-22,false
341,Benjamin Miller,1994-03-07,false
342,Mia Wilson,1990-09-01,true
343,Isabella Johnson,1975-06-17,false
344,Ava Thomas,1982-03-01,true
345,Lucas Johnson,1974-01-15,false
346,Charlotte Doe,1994-05-18,true
347,James Miller,1972-05-03,true
348,Lucas Smith,1978-10-25,true
349,Sophia Davis,1993-05-29,true
350,Emma Johnson,1972-12-02,true
351,John Johnson,2001-07-27,true
352,John Davis,1983-07-19,true
353,Mia Davis,2003-04-08,false
354,Amelia Taylor,1977-07-05,true
355,Liam Taylor,1976-05-12,false
356,Isabella Brown,2004-05-31,true
357,Jane Johnson,1985-02-28,false
358,Lucas Taylor,1990-08-02,false
359,Liam Smith,1981-12-22,true
360,Noah Brown,1985-01-10,true
361,James Doe,1997-10-28,true
362,Benjamin Smith,1995-02-27,false
363,Liam Doe,1970-05-26,true
364,Amelia Anderson,1983-01-09,true
365,James Taylor,1979-06-07,true
366,Emma Doe,1983-06-12,true
367,Benjamin Miller,1978-01-26,false
368,Lucas Brown,1988-04-05,true
369,Emma Doe,1971-09-06,false
370,Jane Doe,1992-02-12,true
371,Jane Anderson,1982-06-29,true
372,Olivia Taylor,2002-05-14,true
373,Mia Doe,1998-04-03,false
374,Emma Taylor,1983-03-28,false
375,Ava Taylor,1984-10-19,false
376,Emily Johnson,1973-10-16,false
377,Lucas Miller,1973-07-20,true
378,Lucas Miller,1984-01-28,false
379,Isabella Anderson,2002-02-26,false
380,Emma Brown,2001-10-01,false
381,Sophia Doe,1997-10-27,false
382,William Taylor,1980-11-02,true
383,Liam Smith,1971-10-25,false
384,John Anderson,1977-12-14,false
385,Amelia Davis,1996-06-10,false
386,William Doe,1970-10-13,true
387,John Smith,1973-12-17,false
388,James Anderson,1983-02-11,false
389,James Miller,1977-08-11,false
390,Charlotte Brown,1988-07-03,true
391,William Anderson,1998-01-23,true
392,William Davis,2000-01-27,true
393,Michael Brown,1997-08-11,false
394,Isabella Brown,1979-09-15,false
395,Benjamin Miller,1998-04-27,true
396,Ava Davis,1998-08-12,false
397,Matthew Wilson,1998-10-30,true
398,Michael Thomas,1977-07-09,true
399,James Taylor,1998-07-04,true
400,Isabella Doe,1970-06-03,false
401,Emily Miller,1994-04-18,false
402,Isabella Wilson,2002-01-20,false
403,William Brown,1986-04-27,false
404,Benjamin Smith,1974-03-21,false
405,Jane Taylor,2001-03-26,true
406,Daniel Wilson,1998-03-16,false
407,Mia Miller,1998-03-24,true
408,Mia Brown,1993-10-15,true
409,Olivia Miller,1973-04-05,true
410,Emma Taylor,2002-07-16,false
411,Michael Miller,1978-07-02,false
412,Liam Wilson,1977-05-17,true
413,Sophia Wilson,2001-08-04,true
414,Olivia Davis,2000-09-11,true
415,Emma Johnson,1981-07-08,true
416,Mia Taylor,1991-08-28,false
417,Ava Doe,2003-12-17,true
418,Isabella Taylor,1972-02-15,true
419,Amelia Thomas,1997-12-22,true
420,Mia Wilson,1973-06-28,false
421,James Doe,1980-07-04,true
422,Daniel Miller,2003-04-24,false
423,Jane Thomas,1979-04-02,true
424,Benjamin Anderson,1983-01-03,true
425,Liam Anderson,1983-11-24,false
426,Sophia Anderson,1981-01-26,false
427,Jane Taylor,1996-01-13,false
428,Jane Miller,1975-07-01,true
429,Daniel Davis,1986-04-16,true
430,Ava Wilson,1985-10-16,true
431,Charlotte Davis,2004-11-22,true
432,Benjamin Doe,1991-08-10,false
433,James Taylor,1974-05-30,true
434,James Thomas,1999-02-19,false
435,James Wilson,2001-12-25,true
436,Amelia Wilson,1987-08-29,true
437,Lucas Miller,2003-01-19,true
438,Mia Wilson,1998-02-01,false
439,Emma Doe,1989-07-10,true
440,Mia Thomas,1972-08-04,true
441,Matthew Smith,1999-11-07,false
442,Liam Doe,1985-06-03,true
443,Olivia Johnson,1998-12-30,true
444,James Davis,2002-10-24,false
445,Mia Johnson,1990-04-01,true
446,Ava Johnson,1995-12-06,true
447,Mia Doe,1973-06-02,true
448,Emma Smith,1983-03-31,true
449,Michael Taylor,1971-05-16,true
450,Benjamin Davis,1978-04-02,true
451,James Doe,1973-08-31,true
452,Lucas Doe,1977-10-17,true
453,Mia Davis,2004-02-28,true
454,Benjamin Taylor,1993-08-28,false
455,Emily Brown,1974-06-12,true
456,Isabella Taylor,1979-08-31,false
457,Daniel Brown,1975-01-26,true
458,Liam Brown,1993-02-05,true
459,Matthew Taylor,1984-04-29,false
460,Noah Taylor,2002-07-25,true
461,James Doe,1990-09-14,true
462,Lucas Anderson,1980-05-06,false
463,William Brown,1992-02-03,false
464,Emily Wilson,1970-08-14,false
465,James Thomas,1999-02-23,false
466,Emily Miller,1972-10-29,false
467,Charlotte Davis,1997-04-16,false
468,Isabella Smith,1994-09-14,true
469,Emma Wilson,1981-01-06,false
470,Lucas Johnson,1975-12-19,false
471,Matthew Anderson,1976-12-16,false
472,Lucas Doe,1984-06-04,false
473,Lucas Taylor,1999-07-21,true
474,Isabella Taylor,1989-01-15,false
475,James Doe,1994-11-14,false
476,Michael Taylor,1993-12-18,false
477,Ava Davis,1989-02-13,true
478,Olivia Thomas,1978-06-17,true
479,Daniel Smith,1999-12-08,true
480,Jane Johnson,1970-05-19,true
481,James Wilson,1991-05-01,false
482,Sophia Smith,1993-08-30,true
483,Emily Doe,1973-12-10,true
484,Mia Thomas,1988-10-17,true
485,Michael Thomas,1996-04-12,false
486,Lucas Anderson,1980-08-01,false
487,Matthew Thomas,2001-11-14,false
488,William Doe,1993-08-14,false
489,Amelia Brown,1975-02-09,false
490,Emma Wilson,1994-02-11,false
491,Sophia Taylor,1970-10-18,true
492,Noah Wilson,2003-08-12,true
493,Mia Smith,1998-09-30,true
494,Sophia Thomas,1978-03-05,true
495,Lucas Doe,1984-03-14,false
496,Sophia Smith,1973-10-10,false
497,William Anderson,1999-07-16,true
498,Sophia Taylor,1997-06-29,false
499,Emma Johnson,1983-06-17,true
500,Charlotte Wilson,1974-03-18,false
501,Emma Smith,1979-08-11,true
502,Amelia Wilson,1984-06-08,true
503,Sophia Brown,1980-10-10,false
504,Ava Thomas,1973-05-14,false
505,Amelia Wilson,1973-11-03,true
506,James Taylor,1999-01-26,false
507,Liam Doe,1985-10-22,true
508,Olivia Miller,2002-09-11,true
509,John Davis,2000-03-20,false
510,Charlotte Davis,1982-11-03,false
511,Sophia Doe,1971-03-23,true
512,Amelia Wilson,2004-04-28,false
513,Michael Taylor,1994-11-04,false
514,Daniel Brown,1978-02-14,false
515,Olivia Taylor,2001-05-30,true
516,Matthew Thomas,1991-04-07,true
517,Emma Doe,1988-06-21,false
518,Emily Johnson,1997-04-09,true
519,Amelia Thomas,1984-09-08,false
520,James Wilson,1996-11-06,true
521,Ava Doe,1976-04-20,true
522,Lucas Anderson,1990-06-14,true
523,Benjamin Davis,1995-02-19,false
524,Emma Smith,1994-02-09,false
525,Lucas Thomas,1972-09-10,true
526,Matthew Wilson,1989-12-20,false
527,Benjamin Taylor,1980-02-11,true
528,William Miller,1990-09-20,true
529,Benjamin Brown,1996-04-24,true
530,Charlotte Anderson,1994-06-08,true
531,Daniel Davis,1995-10-28,false
532,Liam Doe,1986-09-20,true
533,Ava Brown,2001-12-16,true
534,Isabella Johnson,1988-12-15,false
535,Noah Thomas,1982-05-09,true
536,Lucas Doe,1975-04-24,true
537,Olivia Anderson,1991-02-27,false
538,James Doe,1991-03-24,true
539,Liam Davis,1980-12-23,true
540,Amelia Anderson,1990-04-03,true
541,Charlotte Anderson,1993-12-03,true
542,William Doe,2000-04-18,true
543,Emma Anderson,1991-02-05,true
544,Lucas Anderson,1979-02-18,true
545,Liam Thomas,2001-12-16,false
546,Jane Brown,1989-12-16,true
547,Olivia Thomas,1992-08-02,false
548,Charlotte Brown,1970-07-18,false
549,Matthew Wilson,2003-07-31,true
550,Mia Anderson,1987-10-16,true
551,Mia Thomas,1994-10-31,false
552,Sophia Doe,1978-11-01,false
553,John Brown,1972-09-24,false
554,Ava Thomas,1981-01-24,false
555,Matthew Thomas,1970-07-01,true
556,Charlotte Doe,1992-11-17,false
557,Emma Thomas,1983-05-18,false
558,Jane Taylor,1998-07-04,false
559,Lucas Wilson,1971-11-16,true
560,Noah Davis,1990-11-10,true
561,Sophia Brown,1996-11-23,false
562,Olivia Brown,1993-07-17,false
563,Emily Miller,1978-01-05,true
564,John Miller,2000-11-12,false
565,Charlotte Wilson,1983-12-24,true
566,Matthew Smith,1996-07-12,true
567,Lucas Brown,1975-07-24,false
568,Liam Brown,2001-05-17,false
569,John Wilson,2001-05-07,false
570,Amelia Wilson,1989-09-12,true
571,Amelia Johnson,1976-04-26,true
572,John Taylor,2002-11-10,false
573,James Taylor,1973-03-11,false
574,John Miller,1974-09-13,false
575,Mia Taylor,1997-09-05,false
576,Emma Anderson,1977-09-13,false
577,Benjamin Taylor,2001-08-04,false
578,Liam Johnson,1970-03-13,false
579,Benjamin Taylor,1986-10-13,false
580,Ava Davis,1982-07-29,false
581,Emily Thomas,1971-07-17,false
582,Emma Miller,1989-01-18,true
583,Jane Johnson,1997-02-11,false
584,John Smith,2003-02-20,true
585,Liam Johnson,1997-01-24,false
586,Sophia Davis,2001-04-24,true
587,Noah Taylor,1999-04-17,false
588,Ava Johnson,1999-02-01,false
589,Olivia Smith,1976-10-15,false
590,Daniel Johnson,1993-04-14,true
591,Matthew Thomas,1986-09-12,true
592,Michael Wilson,1988-11-27,true
593,Benjamin Miller,1976-09-06,false
594,Isabella Taylor,1974-10-10,true
595,Mia Brown,1979-12-22,true
596,Daniel Johnson,1982-04-25,true
597,Lucas Doe,1983-04-29,false
598,Jane Johnson,1977-01-13,false
599,Ava Brown,1971-08-28,true
600,Isabella Brown,2004-12-06,true
601,Emma Wilson,2003-03-23,false
602,Benjamin Taylor,1994-12-23,false
603,Daniel Wilson,1984-06-09,true
604,Michael Taylor,1994-12-29,false
605,Liam Wilson,2003-09-17,true
606,Liam Thomas,1982-02-05,true
607,Emily Taylor,1983-07-04,true
608,William Johnson,2004-10-08,false
609,Benjamin Taylor,1980-09-29,true
610,Emma Davis,1987-02-02,true
611,Daniel Davis,1978-09-15,false
612,Amelia Thomas,2003-04-12,true
613,Lucas Taylor,1978-06-13,true
614,Lucas Davis,1982-11-03,true
615,Olivia Thomas,1985-08-16,true
616,Noah Taylor,2000-02-24,true
617,Benjamin Davis,1997-12-07,true
618,Matthew Taylor,1997-01-13,true
619,Michael Thomas,1983-11-16,true
620,Lucas Taylor,1994-07-21,true
621,Matthew Thomas,1984-11-26,false
622,Amelia Miller,1972-08-13,true
623,James Brown,1999-02-02,true
624,Jane Davis,1971-07-21,true
625,Noah Taylor,1991-03-13,false
626,Emily Doe,1994-09-04,true
627,Lucas Taylor,1983-05-19,true
628,Ava Miller,1997-05-29,false
629,Charlotte Davis,1984-12-22,true
630,William Taylor,1980-03-18,false
631,Michael Davis,1991-01-23,true
632,Isabella Taylor,1997-11-05,false
633,Ava Johnson,1972-07-17,false
634,Matthew Taylor,1986-06-09,false
635,William Davis,2002-02-16,false
636,Noah Miller,1986-11-14,true
637,Daniel Miller,1998-01-28,false
638,Lucas Anderson,1977-03-14,true
639,Isabella Miller,1986-10-31,false
640,Emily Miller,1997-06-13,true
641,James Brown,1975-03-22,false
642,Liam Doe,1978-04-28,false
643,Jane Johnson,1991-08-22,true
644,Noah Smith,1984-07-14,false
645,Lucas Thomas,1970-10-14,true
646,Emily Anderson,2000-07-03,true
647,Matthew Smith,1986-08-03,false
648,Noah Doe,1999-04-10,false
649,Michael Thomas,1992-05-29,false
650,William Johnson,2004-11-30,false
651,Liam Brown,1996-12-02,false
652,Isabella Thomas,1986-12-04,true
653,Isabella Doe,1976-07-15,true
654,Olivia Smith,2003-03-17,true
655,Sophia Davis,1985-10-17,false
656,John Davis,1979-04-30,true
657,William Brown,1976-04-14,true
658,Michael Davis,1997-12-05,true
659,Emily Thomas,2003-08-07,true
660,Isabella Taylor,1976-11-20,true
661,Benjamin Brown,1984-06-05,false
662,Jane Brown,1971-08-28,true
663,Daniel Smith,1993-04-07,true
664,William Smith,1991-10-29,true
665,Michael Anderson,1999-03-05,false
666,Mia Davis,1980-11-30,true
667,Michael Wilson,1997-11-13,false
668,Liam Taylor,1995-05-27,false
669,Mia Thomas,1998-11-02,false
670,Benjamin Taylor,1989-10-31,true
671,John Taylor,1994-05-05,false
672,Daniel Davis,1984-04-03,true
673,Charlotte Davis,1973-02-26,true
674,John Johnson,1974-04-10,true
675,Noah Smith,1973-08-30,true
676,Amelia Thomas,1986-08-31,true
677,James Miller,1994-02-19,true
678,Emily Wilson,1970-07-12,true
679,Emily Johnson,1988-04-04,false
680,William Doe,1982-07-13,true
681,Sophia Doe,1993-11-04,true
682,Jane Davis,1980-01-17,false
683,Liam Miller,1972-03-15,false
684,Matthew Johnson,1996-05-05,true
685,Ava Taylor,1982-06-30,true
686,Daniel Taylor,1988-08-18,false
687,Matthew Smith,1996-05-09,true
688,Lucas Brown,1993-02-08,true
689,Sophia Anderson,1980-12-22,true
690,Charlotte Wilson,2004-03-07,false
691,Ava Miller,2004-06-01,true
692,Charlotte Thomas,1991-10-17,true
693,Olivia Davis,1972-06-10,true
694,Lucas Brown,1974-09-03,false
695,Emma Davis,1996-06-05,false
696,Michael Thomas,1975-10-23,true
697,Noah Smith,1997-06-18,false
698,Michael Smith,1974-05-15,false
699,Lucas Anderson,2003-05-28,false
700,Jane Thomas,1991-10-21,false
701,Charlotte Davis,1989-02-04,true
702,Emily Thomas,1999-09-24,true
703,Daniel Smith,1974-09-26,true
704,Liam Miller,1976-09-08,false
705,William Taylor,1971-09-27,true
706,Isabella Johnson,1980-02-28,false
707,William Smith,1982-01-25,false
708,Michael Smith,1997-07-18,false
709,Sophia Anderson,1982-11-06,false
710,Ava Brown,1981-02-13,true
711,Lucas Brown,2004-03-25,true
712,Michael Wilson,1981-01-06,true
713,Emma Johnson,1997-05-16,true
714,Ava Davis,1971-10-10,true
715,Isabella Davis,2001-03-11,true
716,Charlotte Anderson,1982-09-14,true
717,Ava Anderson,2004-07-11,true
718,Liam Brown,1981-04-08,true
719,James Anderson,2004-03-30,false
720,Michael Smith,1989-11-30,true
721,Mia Davis,1980-05-11,false
722,Daniel Taylor,1981-10-08,false
723,Sophia Davis,2002-11-28,false
724,Emma Thomas,1977-03-20,false
725,Charlotte Wilson,1985-04-01,false
726,Jane Johnson,1977-02-24,false
727,James Taylor,1999-06-14,false
728,Daniel Miller,2003-03-17,false
729,James Thomas,1988-01-14,false
730,Amelia Taylor,1973-01-06,false
731,Olivia Smith,1985-01-14,true
732,Mia Miller,1970-04-30,false
733,Michael Thomas,1995-02-14,true
734,Benjamin Johnson,1989-09-13,true
735,Olivia Johnson,1979-01-02,false
736,Charlotte Taylor,1993-05-20,true
737,Benjamin Johnson,1983-12-20,false
738,Benjamin Brown,1982-05-10,false
739,James Davis,1981-06-01,false
740,Mia Johnson,1992-09-06,false
741,Emily Smith,1996-12-28,true
742,Isabella Doe,1983-03-10,true
743,Benjamin Anderson,1970-08-02,true
744,Benjamin Wilson,1972-05-03,true
745,Charlotte Doe,1991-04-07,true
746,William Brown,1986-02-25,false
747,Sophia Miller,1986-12-25,true
748,Isabella Smith,1994-06-09,true
749,Noah Wilson,1981-06-27,false
750,Emma Davis,1980-02-29,true
751,Charlotte Taylor,1983-10-20,true
752,Lucas Johnson,1986-02-01,false
753,Olivia Wilson,1997-01-09,false
754,Emily Brown,1978-04-06,false
755,Noah Miller,2000-01-15,false
756,Emma Miller,1973-03-14,true
757,John Miller,2004-06-08,false
758,Isabella Taylor,2004-06-07,false
759,Amelia Johnson,1988-06-22,false
760,Liam Doe,1999-04-14,true
761,Michael Anderson,1979-05-11,false
762,Isabella Wilson,1994-07-22,false
763,Emily Smith,1973-08-19,false
764,Emma Wilson,1970-01-25,true
765,Daniel Taylor,1971-08-13,true
766,Olivia Smith,1975-12-01,false
767,Benjamin Doe,1977-07-24,true
768,James Wilson,2001-08-01,true
769,Charlotte Brown,2001-11-04,true
770,Emily Thomas,1981-01-13,true
771,Noah Anderson,1994-10-11,true
772,Matthew Davis,1980-04-26,true
773,Isabella Brown,1992-07-10,true
774,Michael Taylor,1989-10-31,false
775,Charlotte Brown,1995-05-20,true
776,Daniel Anderson,1972-07-05,false
777,Lucas Johnson,1985-10-11,false
778,Emma Taylor,1989-08-07,true
779,Jane Davis,1987-08-26,false
780,Isabella Taylor,2002-09-06,true
781,Jane Smith,1991-05-28,true
782,James Taylor,1999-07-31,true
783,Charlotte Doe,1974-03-11,false
784,Jane Thomas,1992-04-01,true
785,Michael Doe,1992-10-01,true
786,Emily Brown,1983-10-08,false
787,Daniel Miller,2000-02-27,true
788,Matthew Thomas,2004-03-30,false
789,Isabella Johnson,1985-06-05,true
790,Noah Miller,1989-10-06,true
791,William Davis,1983-03-01,false
792,Liam Wilson,2002-12-08,false
793,Olivia Anderson,1974-12-23,false
794,Lucas Doe,1972-03-15,false
795,Amelia Taylor,1992-04-27,false
796,Jane Anderson,1987-12-26,true
797,Amelia Doe,1998-10-18,false
798,Mia Taylor,1978-09-07,false
799,John Wilson,1990-03-07,false
800,Amelia Smith,1979-12-19,false
801,Daniel Taylor,2001-06-21,true
802,John Doe,2002-10-27,true
803,James Johnson,1992-09-03,false
804,Noah Johnson,1988-08-02,true
805,Jane Miller,1974-01-15,false
806,Ava Thomas,1998-01-28,false
807,Isabella Anderson,1978-04-27,false
808,Ava Brown,1998-12-10,false
809,Noah Davis,1985-07-28,true
810,Michael Anderson,1983-01-28,true
811,James Davis,1975-03-08,false
812,Michael Doe,2001-12-12,true
813,Jane Doe,1988-04-08,false
814,Matthew Wilson,1993-10-30,false
815,Olivia Thomas,1975-07-09,false
816,Olivia Taylor,1974-11-28,true
817,William Smith,1978-01-01,false
818,William Davis,1984-06-01,true
819,Charlotte Anderson,1984-01-25,true
820,Jane Wilson,1970-10-12,true
821,Mia Doe,1985-07-25,false
822,Lucas Thomas,1972-05-30,true
823,Liam Thomas,1997-05-30,false
824,Emma Brown,1979-01-27,true
825,James Wilson,2003-04-15,false
826,Daniel Brown,1975-11-10,false
827,Noah Thomas,1984-10-25,true
828,Daniel Johnson,1992-02-05,false
829,Michael Thomas,1972-03-17,true
830,Benjamin Davis,1978-05-11,false
831,Liam Davis,1974-02-08,false
832,Olivia Brown,1993-09-11,true
833,Noah Wilson,1996-10-04,false
834,Mia Brown,1971-01-29,false
835,Mia Anderson,1982-05-28,false
836,Mia Anderson,1979-06-13,false
837,Lucas Anderson,1984-05-18,false
838,John Brown,1993-09-01,false
839,Daniel Wilson,1979-01-19,true
840,Emily Brown,1984-04-28,false
841,Jane Brown,1972-07-30,true
842,Benjamin Smith,1988-08-28,false
843,Benjamin Johnson,1985-10-19,true
844,James Miller,1992-10-09,false
845,John Doe,1990-05-28,false
846,Michael Brown,1991-11-21,true
847,Noah Johnson,2003-10-25,false
848,Isabella Smith,1993-05-26,true
849,Emma Johnson,1971-03-25,false
850,Jane Davis,1986-05-26,false
851,Matthew Miller,1986-08-08,true
852,William Davis,1976-04-10,false
853,Noah Doe,1992-06-17,false
854,Daniel Taylor,1989-05-02,false
855,Isabella Smith,2002-12-23,false
856,Jane Thomas,1972-08-05,false
857,Emily Johnson,2002-08-17,true
858,Matthew Brown,1999-12-06,true
859,Olivia Doe,1998-02-24,true
860,Jane Davis,2002-03-30,true
861,Benjamin Brown,1971-05-08,false
862,Michael Brown,1992-03-29,false
863,Emily Wilson,1993-03-27,false
864,Sophia Miller,2003-04-20,false
865,Lucas Brown,1994-08-06,false
866,William Davis,1992-09-25,true
867,Amelia Anderson,1998-07-13,true
868,John Davis,1994-08-22,false
869,Ava Wilson,1972-10-25,true
870,Jane Thomas,2003-01-24,true
871,Ava Davis,1981-03-31,false
872,Daniel Miller,1983-11-28,false
873,Noah Doe,1982-10-15,true
874,Charlotte Wilson,1990-02-15,true
875,Emily Taylor,1971-07-14,false
876,Ava Thomas,1974-11-27,true
877,Sophia Brown,1985-05-27,true
878,Benjamin Smith,1985-02-26,true
879,Noah Anderson,1977-07-13,false
880,Mia Thomas,1975-05-22,false
881,John Taylor,1984-11-13,true
882,William Doe,1989-02-22,false
883,Isabella Smith,1972-09-17,true
884,James Wilson,1988-10-03,false
885,Liam Anderson,1982-08-06,true
886,Matthew Taylor,2003-04-19,false
887,Amelia Johnson,2003-01-15,false
888,Amelia Taylor,1991-04-04,true
889,Matthew Brown,1980-04-05,false
890,Mia Johnson,1991-03-01,false
891,Daniel Brown,1973-07-01,true
892,Jane Brown,1977-02-28,true
893,Daniel Smith,1993-11-18,true
894,Emma Wilson,2001-01-16,true
895,Lucas Taylor,1996-01-10,false
896,Isabella Brown,1976-12-27,false
897,Isabella Johnson,1977-03-05,true
898,John Brown,1990-08-12,false
899,Emily Brown,2004-09-05,true
900,Isabella Miller,1991-09-23,false
901,Matthew Taylor,1974-02-23,false
902,Matthew Doe,1970-07-10,true
903,William Johnson,1975-06-14,true
904,Noah Davis,2003-09-29,true
905,Noah Taylor,1997-09-07,false
906,Amelia Miller,1971-06-25,false
907,Emma Johnson,1983-08-18,true
908,Benjamin Johnson,1987-05-14,true
909,Amelia Anderson,1980-11-29,true
910,John Davis,1973-01-28,false
911,John Brown,1978-08-05,false
912,Lucas Johnson,1985-02-26,false
913,Ava Miller,1979-12-31,true
914,Emily Smith,1975-05-13,true
915,Isabella Miller,2000-10-19,true
916,William Doe,1994-12-18,false
917,Emma Johnson,1989-03-16,true
918,William Anderson,1979-06-09,true
919,Matthew Taylor,1990-05-20,false
920,Isabella Taylor,1994-08-15,true
921,Emily Thomas,1975-08-22,true
922,Olivia Wilson,1971-07-01,false
923,Mia Davis,1974-08-28,false
924,Michael Taylor,1998-04-08,false
925,Jane Smith,1981-07-17,false
926,Liam Miller,1977-04-20,false
927,Daniel Smith,1978-04-07,false
928,Jane Miller,1973-03-04,true
929,Noah Brown,1995-03-12,false
930,Michael Anderson,2002-04-29,true
931,William Thomas,1990-06-15,false
932,James Doe,1988-11-18,true
933,Sophia Thomas,2001-05-20,false
934,Sophia Doe,1976-11-27,false
935,Jane Thomas,1999-10-26,false
936,William Doe,1992-04-03,false
937,Emily Doe,1980-01-07,false
938,Jane Thomas,1986-02-20,false
939,Michael Brown,1994-12-11,true
940,Matthew Taylor,1996-09-23,true
941,Emily Taylor,1993-12-11,false
942,Olivia Davis,2004-10-07,true
943,Jane Doe,1996-09-13,false
944,Emma Davis,1988-06-27,false
945,Lucas Taylor,1975-12-12,true
946,Lucas Thomas,1981-04-16,true
947,Mia Johnson,1985-02-15,true
948,Liam Doe,1998-03-23,true
949,Lucas Davis,1980-07-06,true
950,Ava Anderson,1986-11-21,false
951,Matthew Davis,2004-01-06,false
952,William Taylor,1974-04-17,true
953,Emma Brown,2002-10-16,false
954,Daniel Thomas,1982-08-30,false
955,James Davis,1980-10-03,true
956,James Johnson,2001-04-23,false
957,Charlotte Taylor,1975-08-22,false
958,Liam Doe,1981-07-02,true
959,James Thomas,1981-05-16,false
960,Emily Doe,2003-04-29,false
961,Jane Taylor,1993-09-12,false
962,Amelia Miller,1975-04-18,false
963,Lucas Davis,1997-07-22,true
964,Lucas Johnson,1976-05-22,true
965,Isabella Brown,1984-06-29,false
966,Olivia Thomas,1986-09-10,false
967,Jane Taylor,1980-07-15,false
968,Amelia Doe,1974-12-08,false
969,Emma Wilson,1995-01-14,true
970,Mia Johnson,1999-03-11,true
971,Daniel Miller,2001-08-10,true
972,Emma Doe,1971-05-17,false
973,Jane Doe,2001-10-25,true
974,Sophia Thomas,1980-12-01,false
975,Benjamin Anderson,1994-01-01,false
976,Olivia Davis,1984-06-30,true
977,John Davis,1978-03-26,true
978,Isabella Davis,1999-10-25,false
979,John Johnson,1997-08-28,false
980,Daniel Doe,1991-10-21,true
981,Mia Thomas,1997-05-29,true
982,John Doe,1971-12-09,false
983,Matthew Miller,1982-11-04,true
984,Sophia Smith,1995-07-02,true
985,Ava Anderson,1987-06-17,true
986,John Smith,1985-06-06,true
987,Michael Anderson,1974-03-22,false
988,Olivia Wilson,1996-11-04,false
989,Emily Brown,1983-12-02,true
990,Charlotte Thomas,2003-04-01,true
991,Olivia Brown,1978-06-29,true
992,William Brown,1995-03-31,false
993,Mia Taylor,1996-08-05,false
994,William Brown,1993-02-17,true
995,Amelia Smith,1986-09-04,true
996,John Johnson,1983-01-15,true
997,Mia Johnson,2001-06-04,true
998,Jane Davis,1975-12-13,true
999,Benjamin Miller,1992-06-18,false
1000,Amelia Brown,1985-02-25,false
